probe,mnemonic,count
probe_4bit_formats,BRA,8
probe_4bit_formats,BSSY,3
probe_4bit_formats,BSYNC,3
probe_4bit_formats,EXIT,7
probe_4bit_formats,F2I.TRUNC.NTZ,41
probe_4bit_formats,FADD.FTZ,40
probe_4bit_formats,FADD.FTZ.RZ,41
probe_4bit_formats,FFMA.FTZ,76
probe_4bit_formats,FMUL.FTZ,82
probe_4bit_formats,FSETP.GEU.FTZ.AND,15
probe_4bit_formats,I2FP.F32.S32,41
probe_4bit_formats,IADD3,25
probe_4bit_formats,IMAD,5
probe_4bit_formats,IMAD.IADD,16
probe_4bit_formats,IMAD.MOV.U32,24
probe_4bit_formats,IMAD.SHL.U32,28
probe_4bit_formats,IMAD.WIDE,5
probe_4bit_formats,IMAD.WIDE.U32,1
probe_4bit_formats,IMMA.8832.S4.S4,1
probe_4bit_formats,IMNMX,82
probe_4bit_formats,ISETP.EQ.AND,32
probe_4bit_formats,ISETP.GE.AND,25
probe_4bit_formats,ISETP.GT.U32.AND,20
probe_4bit_formats,ISETP.NE.AND,1
probe_4bit_formats,LDC,3
probe_4bit_formats,LDG.E,6
probe_4bit_formats,LDG.E.S8,20
probe_4bit_formats,LDG.E.U8,1
probe_4bit_formats,LEA,4
probe_4bit_formats,LEA.HI,1
probe_4bit_formats,LEA.HI.X,4
probe_4bit_formats,LEA.HI.X.SX32,23
probe_4bit_formats,LOP3.LUT,105
probe_4bit_formats,MOV,2
probe_4bit_formats,NOP,78
probe_4bit_formats,PRMT,7
probe_4bit_formats,S2R,12
probe_4bit_formats,SHF.L.U32,2
probe_4bit_formats,SHF.R.S32.HI,2
probe_4bit_formats,SHF.R.U32.HI,22
probe_4bit_formats,STG.E,7
probe_4bit_formats,STG.E.64,1
probe_4bit_formats,STG.E.U8,21
probe_4bit_formats,ULDC.64,7
probe_async_copy,BAR.SYNC.DEFER_BLOCKING,13
probe_async_copy,BRA,3
probe_async_copy,DEPBAR.LE,8
probe_async_copy,EXIT,3
probe_async_copy,FADD.FTZ,4
probe_async_copy,FFMA.FTZ,6
probe_async_copy,IADD3,16
probe_async_copy,IMAD,1
probe_async_copy,IMAD.MOV.U32,5
probe_async_copy,IMAD.SHL.U32,1
probe_async_copy,IMAD.U32,2
probe_async_copy,IMAD.WIDE,13
probe_async_copy,ISETP.GE.AND,1
probe_async_copy,ISETP.GE.U32.AND,1
probe_async_copy,ISETP.NE.AND,3
probe_async_copy,LDGDEPBAR,8
probe_async_copy,LDGSTS.E,7
probe_async_copy,LDGSTS.E.BYPASS.128,1
probe_async_copy,LDS,7
probe_async_copy,LDS.128,1
probe_async_copy,LOP3.LUT,2
probe_async_copy,MOV,7
probe_async_copy,NOP,33
probe_async_copy,S2R,3
probe_async_copy,SHF.L.U32,4
probe_async_copy,STG.E,8
probe_async_copy,UIADD3,2
probe_async_copy,ULDC.64,3
probe_async_copy,ULOP3.LUT,2
probe_async_copy,UMOV,2
probe_async_copy,USHF.L.U32,2
probe_atomic_throughput,ATOMS.POPC.INC.32,128
probe_atomic_throughput,BAR.SYNC.DEFER_BLOCKING,4
probe_atomic_throughput,BRA,9
probe_atomic_throughput,EXIT,8
probe_atomic_throughput,IADD3,8
probe_atomic_throughput,IMAD,4
probe_atomic_throughput,IMAD.MOV.U32,19
probe_atomic_throughput,IMAD.WIDE,3
probe_atomic_throughput,IMAD.WIDE.U32,3
probe_atomic_throughput,ISETP.EQ.U32.AND,2
probe_atomic_throughput,ISETP.GT.U32.AND,1
probe_atomic_throughput,ISETP.NE.AND,9
probe_atomic_throughput,LDS,2
probe_atomic_throughput,LOP3.LUT,1
probe_atomic_throughput,MOV,11
probe_atomic_throughput,NOP,81
probe_atomic_throughput,POPC,2
probe_atomic_throughput,RED.E.ADD.F32.FTZ.RN.STRONG.GPU,320
probe_atomic_throughput,RED.E.ADD.STRONG.GPU,128
probe_atomic_throughput,S2R,13
probe_atomic_throughput,SHF.R.U32.HI,2
probe_atomic_throughput,STG.E,2
probe_atomic_throughput,UFLO.U32,2
probe_atomic_throughput,ULDC.64,8
probe_atomic_throughput,VOTEU.ANY,2
probe_bcd_decimal,BRA,2
probe_bcd_decimal,BSSY,1
probe_bcd_decimal,BSYNC,1
probe_bcd_decimal,CS2R,2
probe_bcd_decimal,EXIT,2
probe_bcd_decimal,IADD3,14
probe_bcd_decimal,IMAD,16
probe_bcd_decimal,IMAD.IADD,2
probe_bcd_decimal,IMAD.MOV.U32,11
probe_bcd_decimal,IMAD.SHL.U32,6
probe_bcd_decimal,IMAD.U32,1
probe_bcd_decimal,IMAD.WIDE,3
probe_bcd_decimal,IMAD.WIDE.U32,8
probe_bcd_decimal,IMAD.X,1
probe_bcd_decimal,ISETP.GE.AND,3
probe_bcd_decimal,ISETP.GT.U32.AND,15
probe_bcd_decimal,ISETP.GT.U32.OR,8
probe_bcd_decimal,ISETP.NE.AND,3
probe_bcd_decimal,ISETP.NE.U32.AND,6
probe_bcd_decimal,LDG.E,2
probe_bcd_decimal,LDG.E.STRONG.SYS,2
probe_bcd_decimal,LEA,1
probe_bcd_decimal,LEA.HI.X,1
probe_bcd_decimal,LOP3.LUT,37
probe_bcd_decimal,NOP,24
probe_bcd_decimal,PRMT,1
probe_bcd_decimal,S2R,3
probe_bcd_decimal,SEL,8
probe_bcd_decimal,SHF.R.S32.HI,1
probe_bcd_decimal,SHF.R.U32.HI,21
probe_bcd_decimal,STG.E,2
probe_bcd_decimal,STG.E.64.STRONG.SYS,2
probe_bcd_decimal,STG.E.STRONG.SYS,1
probe_bcd_decimal,ULDC.64,2
probe_bf16_arithmetic,BRA,5
probe_bf16_arithmetic,EXIT,5
probe_bf16_arithmetic,F2FP.BF16.F32.PACK_AB,2
probe_bf16_arithmetic,FADD.FTZ,19
probe_bf16_arithmetic,HFMA2.BF16_V2,7
probe_bf16_arithmetic,IADD3,2
probe_bf16_arithmetic,IMAD,1
probe_bf16_arithmetic,IMAD.MOV.U32,8
probe_bf16_arithmetic,IMAD.WIDE,27
probe_bf16_arithmetic,ISETP.GE.AND,1
probe_bf16_arithmetic,ISETP.NE.AND,2
probe_bf16_arithmetic,LDG.E,3
probe_bf16_arithmetic,LDG.E.CONSTANT,2
probe_bf16_arithmetic,LDG.E.U16,19
probe_bf16_arithmetic,LEA,3
probe_bf16_arithmetic,LEA.HI.X,2
probe_bf16_arithmetic,MOV,8
probe_bf16_arithmetic,NOP,65
probe_bf16_arithmetic,PRMT,22
probe_bf16_arithmetic,S2R,6
probe_bf16_arithmetic,SHF.R.S32.HI,2
probe_bf16_arithmetic,STG.E,5
probe_bf16_arithmetic,ULDC.64,5
probe_bignum_bigfloat,BRA,6
probe_bignum_bigfloat,CS2R,12
probe_bignum_bigfloat,DADD,36
probe_bignum_bigfloat,EXIT,6
probe_bignum_bigfloat,IADD3,43
probe_bignum_bigfloat,IADD3.X,3
probe_bignum_bigfloat,IMAD.MOV.U32,91
probe_bignum_bigfloat,IMAD.X,34
probe_bignum_bigfloat,ISETP.GE.U32.AND,22
probe_bignum_bigfloat,ISETP.GE.U32.AND.EX,22
probe_bignum_bigfloat,ISETP.NE.AND,12
probe_bignum_bigfloat,ISETP.NE.AND.EX,4
probe_bignum_bigfloat,ISETP.NE.U32.AND,4
probe_bignum_bigfloat,LDG.E.64.STRONG.SYS,36
probe_bignum_bigfloat,MOV,11
probe_bignum_bigfloat,NOP,72
probe_bignum_bigfloat,S2R,6
probe_bignum_bigfloat,SEL,26
probe_bignum_bigfloat,STG.E.64.STRONG.SYS,48
probe_bignum_bigfloat,ULDC.64,6
probe_bit_manipulation,BRA,7
probe_bit_manipulation,BREV,3
probe_bit_manipulation,CS2R,2
probe_bit_manipulation,EXIT,7
probe_bit_manipulation,FLO.U32,1
probe_bit_manipulation,FLO.U32.SH,1
probe_bit_manipulation,IADD3,5
probe_bit_manipulation,IADD3.X,1
probe_bit_manipulation,IMAD,1
probe_bit_manipulation,IMAD.MOV.U32,12
probe_bit_manipulation,IMAD.WIDE,15
probe_bit_manipulation,ISETP.NE.AND,3
probe_bit_manipulation,LDG.E,5
probe_bit_manipulation,LDG.E.U16,1
probe_bit_manipulation,LDG.E.U8,2
probe_bit_manipulation,LEA,2
probe_bit_manipulation,LEA.HI.X,2
probe_bit_manipulation,LOP3.LUT,2
probe_bit_manipulation,MOV,13
probe_bit_manipulation,NOP,80
probe_bit_manipulation,POPC,1
probe_bit_manipulation,PRMT,5
probe_bit_manipulation,S2R,7
probe_bit_manipulation,SHF.L.W.U32,1
probe_bit_manipulation,SHF.R.S32.HI,2
probe_bit_manipulation,STG.E,15
probe_bit_manipulation,STG.E.64,2
probe_bit_manipulation,ULDC.64,7
probe_bitwise,BRA,5
probe_bitwise,BREV,1
probe_bitwise,EXIT,5
probe_bitwise,FLO.U32,2
probe_bitwise,FLO.U32.SH,1
probe_bitwise,IADD3,4
probe_bitwise,IMAD.MOV.U32,8
probe_bitwise,IMAD.WIDE,15
probe_bitwise,LDG.E,10
probe_bitwise,LOP3.LUT,12
probe_bitwise,MOV,2
probe_bitwise,NOP,62
probe_bitwise,POPC,1
probe_bitwise,PRMT,9
probe_bitwise,S2R,5
probe_bitwise,SHF.L.U32.HI,1
probe_bitwise,SHF.L.W.U32.HI,3
probe_bitwise,SHF.R.U32,1
probe_bitwise,SHF.R.W.U32,3
probe_bitwise,STG.E,5
probe_bitwise,ULDC.64,5
probe_cache_policy,BRA,4
probe_cache_policy,EXIT,4
probe_cache_policy,FADD.FTZ,1
probe_cache_policy,FFMA.FTZ,1
probe_cache_policy,IMAD,4
probe_cache_policy,IMAD.WIDE,11
probe_cache_policy,ISETP.GE.AND,1
probe_cache_policy,LDG.E,2
probe_cache_policy,LDG.E.CONSTANT,6
probe_cache_policy,MOV,10
probe_cache_policy,NOP,37
probe_cache_policy,S2R,8
probe_cache_policy,SHF.L.U32,1
probe_cache_policy,STG.E,2
probe_cache_policy,STG.E.128,1
probe_cache_policy,STG.E.EF,6
probe_cache_policy,ULDC.64,4
probe_coalescing_patterns,BRA,3
probe_coalescing_patterns,EXIT,3
probe_coalescing_patterns,F2I.FTZ.U32.TRUNC.NTZ,2
probe_coalescing_patterns,FADD.FTZ,1
probe_coalescing_patterns,I2FP.F32.S32,2
probe_coalescing_patterns,I2F.RP,1
probe_coalescing_patterns,I2F.U32.RP,1
probe_coalescing_patterns,IABS,2
probe_coalescing_patterns,IADD3,4
probe_coalescing_patterns,IMAD,10
probe_coalescing_patterns,IMAD.HI.U32,4
probe_coalescing_patterns,IMAD.MOV,3
probe_coalescing_patterns,IMAD.MOV.U32,5
probe_coalescing_patterns,IMAD.WIDE,3
probe_coalescing_patterns,IMAD.WIDE.U32,1
probe_coalescing_patterns,ISETP.GE.AND,2
probe_coalescing_patterns,ISETP.GE.U32.AND,2
probe_coalescing_patterns,ISETP.GT.U32.AND,2
probe_coalescing_patterns,ISETP.NE.AND,2
probe_coalescing_patterns,ISETP.NE.U32.AND,1
probe_coalescing_patterns,LDG.E,1
probe_coalescing_patterns,LOP3.LUT,1
probe_coalescing_patterns,MOV,6
probe_coalescing_patterns,MUFU.RCP,2
probe_coalescing_patterns,NOP,35
probe_coalescing_patterns,S2R,6
probe_coalescing_patterns,SEL,1
probe_coalescing_patterns,STG.E,3
probe_coalescing_patterns,ULDC.64,3
probe_constant_memory,BRA,4
probe_constant_memory,EXIT,4
probe_constant_memory,FADD.FTZ,20
probe_constant_memory,FFMA.FTZ,60
probe_constant_memory,FMUL.FTZ,58
probe_constant_memory,I2FP.F32.S32,38
probe_constant_memory,IADD3,2
probe_constant_memory,IMAD,5
probe_constant_memory,IMAD.HI,1
probe_constant_memory,IMAD.IADD,1
probe_constant_memory,IMAD.MOV.U32,2
probe_constant_memory,IMAD.WIDE,25
probe_constant_memory,IMAD.WIDE.U32,2
probe_constant_memory,ISETP.GE.AND,3
probe_constant_memory,ISETP.NE.AND,1
probe_constant_memory,LDC,2
probe_constant_memory,LDG.E,4
probe_constant_memory,LEA,1
probe_constant_memory,LEA.HI,1
probe_constant_memory,LEA.HI.SX32,1
probe_constant_memory,LOP3.LUT,1
probe_constant_memory,MOV,11
probe_constant_memory,NOP,40
probe_constant_memory,S2R,7
probe_constant_memory,SHF.L.U32,2
probe_constant_memory,SHF.R.U32.HI,2
probe_constant_memory,STG.E,22
probe_constant_memory,ULDC.64,4
probe_control_flow,BPT.TRAP,1
probe_control_flow,BRA,8
probe_control_flow,BRA.CONV,3
probe_control_flow,BSSY,2
probe_control_flow,BSYNC,2
probe_control_flow,CALL.REL.NOINC,3
probe_control_flow,EXIT,6
probe_control_flow,FADD.FTZ,3
probe_control_flow,FMUL.FTZ,1
probe_control_flow,FSEL,1
probe_control_flow,FSETP.GT.FTZ.AND,2
probe_control_flow,IADD3,6
probe_control_flow,IMAD.IADD,101
probe_control_flow,IMAD.MOV.U32,10
probe_control_flow,IMAD.SHL.U32,98
probe_control_flow,IMAD.WIDE,9
probe_control_flow,ISETP.GE.AND,3
probe_control_flow,ISETP.GT.AND,99
probe_control_flow,LDG.E,6
probe_control_flow,LEA,3
probe_control_flow,LEA.HI.X,3
probe_control_flow,LOP3.LUT,98
probe_control_flow,MOV,11
probe_control_flow,NOP,88
probe_control_flow,RET.REL.NODEC,1
probe_control_flow,S2R,6
probe_control_flow,SHFL.BFLY,6
probe_control_flow,SHFL.DOWN,1
probe_control_flow,SHFL.IDX,1
probe_control_flow,SHFL.UP,1
probe_control_flow,SHF.R.S32.HI,3
probe_control_flow,STG.E,6
probe_control_flow,ULDC.64,6
probe_control_flow,UMOV,2
probe_control_flow,WARPSYNC,1
probe_convergence_barriers,BRA,9
probe_convergence_barriers,BRX,1
probe_convergence_barriers,BSSY,4
probe_convergence_barriers,BSYNC,4
probe_convergence_barriers,EXIT,7
probe_convergence_barriers,FADD.FTZ,102
probe_convergence_barriers,FFMA.FTZ,20
probe_convergence_barriers,FMUL.FTZ,102
probe_convergence_barriers,FSEL,2
probe_convergence_barriers,FSETP.GEU.FTZ.AND,1
probe_convergence_barriers,FSETP.GT.FTZ.AND,109
probe_convergence_barriers,I2FP.F32.S32,10
probe_convergence_barriers,IADD3,10
probe_convergence_barriers,IMAD,1
probe_convergence_barriers,IMAD.IADD,1
probe_convergence_barriers,IMAD.MOV.U32,9
probe_convergence_barriers,IMAD.SHL.U32,1
probe_convergence_barriers,IMAD.WIDE,10
probe_convergence_barriers,IMNMX.U32,1
probe_convergence_barriers,ISETP.GE.AND,3
probe_convergence_barriers,ISETP.GT.AND,1
probe_convergence_barriers,ISETP.LT.U32.AND,1
probe_convergence_barriers,ISETP.NE.AND,2
probe_convergence_barriers,ISETP.NE.U32.AND,1
probe_convergence_barriers,LDC,1
probe_convergence_barriers,LDG.E,7
probe_convergence_barriers,LEA,3
probe_convergence_barriers,LEA.HI,1
probe_convergence_barriers,LEA.HI.X,3
probe_convergence_barriers,LOP3.LUT,2
probe_convergence_barriers,MOV,9
probe_convergence_barriers,NOP,78
probe_convergence_barriers,PLOP3.LUT,1
probe_convergence_barriers,S2R,6
probe_convergence_barriers,SHF.R.S32.HI,5
probe_convergence_barriers,STG.E,7
probe_convergence_barriers,ULDC.64,6
probe_conversions,BRA,5
probe_conversions,DADD,2
probe_conversions,DFMA,1
probe_conversions,DSETP.GEU.AND,1
probe_conversions,EXIT,5
probe_conversions,F2F.F16.F32.RM,1
probe_conversions,F2F.F16.F32.RP,1
probe_conversions,F2F.F32.F64,1
probe_conversions,F2F.F64.F32,2
probe_conversions,F2FP.F16.F32.PACK_AB,1
probe_conversions,F2FP.F16.F32.PACK_AB.RZ,1
probe_conversions,F2I.FTZ.CEIL.NTZ,1
probe_conversions,F2I.FTZ.FLOOR.NTZ,1
probe_conversions,F2I.FTZ.NTZ,1
probe_conversions,F2I.FTZ.TRUNC.NTZ,1
probe_conversions,F2I.FTZ.U32.NTZ,1
probe_conversions,F2I.FTZ.U32.TRUNC.NTZ,1
probe_conversions,FADD.FTZ,8
probe_conversions,FMUL.FTZ,2
probe_conversions,HADD2.F32,4
probe_conversions,I2FP.F32.S32,1
probe_conversions,I2FP.F32.S32.RZ,1
probe_conversions,I2FP.F32.U32,1
probe_conversions,I2F.RM,1
probe_conversions,I2F.RP,1
probe_conversions,IADD3,4
probe_conversions,IMAD.IADD,1
probe_conversions,IMAD.MOV.U32,2
probe_conversions,IMAD.WIDE,11
probe_conversions,LDG.E,4
probe_conversions,LDG.E.64,1
probe_conversions,LDG.E.U16,1
probe_conversions,LDG.E.U8,1
probe_conversions,LEA,1
probe_conversions,LEA.HI.X.SX32,1
probe_conversions,MOV,10
probe_conversions,NOP,59
probe_conversions,PRMT,2
probe_conversions,S2R,5
probe_conversions,STG.E,4
probe_conversions,STG.E.64,1
probe_conversions,ULDC.64,5
probe_cooperative_launch,BAR.SYNC,6
probe_cooperative_launch,BAR.SYNC.DEFER_BLOCKING,2
probe_cooperative_launch,BPT.TRAP,1
probe_cooperative_launch,BRA,15
probe_cooperative_launch,BRA.CONV,4
probe_cooperative_launch,BREV,1
probe_cooperative_launch,BSSY,3
probe_cooperative_launch,BSYNC,3
probe_cooperative_launch,CALL.REL.NOINC,7
probe_cooperative_launch,CCTL.IVALL,2
probe_cooperative_launch,ERRBAR,2
probe_cooperative_launch,EXIT,6
probe_cooperative_launch,F2I.FTZ.U32.TRUNC.NTZ,1
probe_cooperative_launch,FADD.FTZ,12
probe_cooperative_launch,FFMA.FTZ,1
probe_cooperative_launch,FLO.U32,2
probe_cooperative_launch,FMUL.FTZ,1
probe_cooperative_launch,FSETP.GT.FTZ.AND,1
probe_cooperative_launch,I2F.U32.RP,1
probe_cooperative_launch,IADD3,9
probe_cooperative_launch,IMAD,20
probe_cooperative_launch,IMAD.HI.U32,2
probe_cooperative_launch,IMAD.IADD,4
probe_cooperative_launch,IMAD.MOV,3
probe_cooperative_launch,IMAD.MOV.U32,32
probe_cooperative_launch,IMAD.WIDE,10
probe_cooperative_launch,ISETP.EQ.AND,1
probe_cooperative_launch,ISETP.EQ.U32.AND,2
probe_cooperative_launch,ISETP.GE.AND,8
probe_cooperative_launch,ISETP.GE.OR,1
probe_cooperative_launch,ISETP.GE.U32.AND,3
probe_cooperative_launch,ISETP.GT.AND,3
probe_cooperative_launch,ISETP.LT.AND,1
probe_cooperative_launch,ISETP.LT.U32.AND,5
probe_cooperative_launch,ISETP.NE.AND,5
probe_cooperative_launch,ISETP.NE.AND.EX,1
probe_cooperative_launch,ISETP.NE.U32.AND,2
probe_cooperative_launch,LD.E.STRONG.GPU,2
probe_cooperative_launch,LDG.E,8
probe_cooperative_launch,LDS,3
probe_cooperative_launch,LEA.HI,2
probe_cooperative_launch,LOP3.LUT,15
probe_cooperative_launch,MATCH.ANY,3
probe_cooperative_launch,MEMBAR.ALL.GPU,2
probe_cooperative_launch,MOV,18
probe_cooperative_launch,MUFU.RCP,1
probe_cooperative_launch,NOP,71
probe_cooperative_launch,PLOP3.LUT,2
probe_cooperative_launch,POPC,7
probe_cooperative_launch,PRMT,2
probe_cooperative_launch,RED.E.ADD.F32.FTZ.RN.STRONG.GPU,1
probe_cooperative_launch,REDUX.OR,3
probe_cooperative_launch,RET.REL.NODEC,2
probe_cooperative_launch,S2R,31
probe_cooperative_launch,SEL,4
probe_cooperative_launch,SGXT.U32,4
probe_cooperative_launch,SHFL.BFLY,9
probe_cooperative_launch,SHFL.DOWN,1
probe_cooperative_launch,SHFL.IDX,3
probe_cooperative_launch,SHF.L.U32,6
probe_cooperative_launch,SHF.R.S32.HI,4
probe_cooperative_launch,SHF.R.U32.HI,3
probe_cooperative_launch,STG.E,6
probe_cooperative_launch,STS,2
probe_cooperative_launch,UIMAD,2
probe_cooperative_launch,ULDC,1
probe_cooperative_launch,ULDC.64,7
probe_cooperative_launch,UPOPC,2
probe_cooperative_launch,VOTE.ANY,1
probe_cooperative_launch,VOTEU.ANY,5
probe_cooperative_launch,WARPSYNC,2
probe_cooperative_launch,YIELD,3
probe_encoding_verify,BRA,5
probe_encoding_verify,EXIT,5
probe_encoding_verify,FFMA,1
probe_encoding_verify,FFMA.RM,1
probe_encoding_verify,FFMA.RP,1
probe_encoding_verify,FFMA.RZ,1
probe_encoding_verify,FSET.BF.GT.FTZ.AND,1
probe_encoding_verify,FSETP.GT.FTZ.AND,5
probe_encoding_verify,FSETP.GTU.FTZ.AND,1
probe_encoding_verify,IADD3,7
probe_encoding_verify,IMAD.MOV.U32,11
probe_encoding_verify,IMAD.WIDE.U32,3
probe_encoding_verify,LDG.E,8
probe_encoding_verify,LOP3.LUT,8
probe_encoding_verify,MOV,9
probe_encoding_verify,NOP,59
probe_encoding_verify,S2R,2
probe_encoding_verify,STG.E,37
probe_encoding_verify,ULDC.64,5
probe_fixed_point,BRA,4
probe_fixed_point,CS2R,6
probe_fixed_point,EXIT,4
probe_fixed_point,IADD3,513
probe_fixed_point,IADD3.X,2
probe_fixed_point,IMAD,1537
probe_fixed_point,IMAD.IADD,5
probe_fixed_point,IMAD.MOV.U32,9
probe_fixed_point,IMAD.SHL.U32,256
probe_fixed_point,IMAD.WIDE,8
probe_fixed_point,IMAD.WIDE.U32,513
probe_fixed_point,IMAD.X,1
probe_fixed_point,ISETP.GE.AND,1
probe_fixed_point,ISETP.NE.AND,3
probe_fixed_point,LDG.E,3
probe_fixed_point,LDG.E.STRONG.SYS,4
probe_fixed_point,LDG.E.U16.STRONG.SYS,2
probe_fixed_point,LEA,1
probe_fixed_point,MOV,15
probe_fixed_point,NOP,42
probe_fixed_point,PRMT,2
probe_fixed_point,S2R,5
probe_fixed_point,SHF.L.U32,255
probe_fixed_point,SHF.L.U64.HI,512
probe_fixed_point,SHF.R.S32.HI,1025
probe_fixed_point,SHF.R.U32.HI,1
probe_fixed_point,SHF.R.U64,5
probe_fixed_point,STG.E,1
probe_fixed_point,STG.E.64.STRONG.SYS,6
probe_fixed_point,STG.E.STRONG.SYS,2
probe_fixed_point,STG.E.U16.STRONG.SYS,1
probe_fixed_point,ULDC.64,4
probe_fp8_precision,BRA,5
probe_fp8_precision,EXIT,5
probe_fp8_precision,F2FP.F16.E4M3.UNPACK_B,24
probe_fp8_precision,F2FP.F16.E5M2.UNPACK_B,1
probe_fp8_precision,F2FP.SATFINITE.E4M3.F32.PACK_AB_MERGE_C,20
probe_fp8_precision,F2FP.SATFINITE.E5M2.F32.PACK_AB_MERGE_C,1
probe_fp8_precision,FADD.FTZ,22
probe_fp8_precision,HADD2.F32,25
probe_fp8_precision,IADD3,2
probe_fp8_precision,IMAD.MOV.U32,7
probe_fp8_precision,IMAD.WIDE,8
probe_fp8_precision,LDG.E,22
probe_fp8_precision,LDG.E.U8,19
probe_fp8_precision,LEA.HI.X.SX32,2
probe_fp8_precision,LOP3.LUT,2
probe_fp8_precision,MOV,3
probe_fp8_precision,NOP,59
probe_fp8_precision,PRMT,4
probe_fp8_precision,S2R,5
probe_fp8_precision,STG.E,4
probe_fp8_precision,STG.E.U8,19
probe_fp8_precision,ULDC.64,5
probe_fp16_half2,BRA,5
probe_fp16_half2,EXIT,5
probe_fp16_half2,F2FP.F16.F32.PACK_AB,2
probe_fp16_half2,FADD.FTZ,1
probe_fp16_half2,HADD2,9
probe_fp16_half2,HADD2.F32,2
probe_fp16_half2,HFMA2,3
probe_fp16_half2,HMNMX2,2
probe_fp16_half2,IADD3,3
probe_fp16_half2,IMAD.MOV.U32,7
probe_fp16_half2,IMAD.WIDE,13
probe_fp16_half2,ISETP.NE.AND,2
probe_fp16_half2,LDG.E,6
probe_fp16_half2,LDG.E.CONSTANT,4
probe_fp16_half2,LEA,2
probe_fp16_half2,LEA.HI.X,2
probe_fp16_half2,MOV,6
probe_fp16_half2,NOP,72
probe_fp16_half2,PRMT,1
probe_fp16_half2,S2R,5
probe_fp16_half2,SHF.L.U32,1
probe_fp16_half2,SHF.R.S32.HI,2
probe_fp16_half2,STG.E,6
probe_fp16_half2,ULDC.64,5
probe_fp32_arith,BRA,6
probe_fp32_arith,EXIT,6
probe_fp32_arith,FADD.FTZ,28
probe_fp32_arith,FFMA.FTZ,16
probe_fp32_arith,FMNMX.FTZ,8
probe_fp32_arith,FMUL.FTZ,17
probe_fp32_arith,IMAD.MOV.U32,2
probe_fp32_arith,IMAD.WIDE,19
probe_fp32_arith,LDG.E,19
probe_fp32_arith,MOV,10
probe_fp32_arith,NOP,72
probe_fp32_arith,S2R,6
probe_fp32_arith,STG.E,9
probe_fp32_arith,ULDC.64,6
probe_fp32_special_modes,BRA,6
probe_fp32_special_modes,CS2R,2
probe_fp32_special_modes,EXIT,6
probe_fp32_special_modes,FADD.FTZ,1
probe_fp32_special_modes,FADD.SAT,1
probe_fp32_special_modes,FFMA.FTZ,516
probe_fp32_special_modes,FMUL.SAT,1
probe_fp32_special_modes,IADD3,3
probe_fp32_special_modes,IADD3.X,1
probe_fp32_special_modes,IMAD,2
probe_fp32_special_modes,IMAD.MOV.U32,4
probe_fp32_special_modes,IMAD.WIDE,8
probe_fp32_special_modes,ISETP.GE.AND,2
probe_fp32_special_modes,ISETP.NE.AND,3
probe_fp32_special_modes,LDG.E,3
probe_fp32_special_modes,LDG.E.STRONG.SYS,3
probe_fp32_special_modes,MOV,21
probe_fp32_special_modes,NOP,70
probe_fp32_special_modes,S2R,8
probe_fp32_special_modes,STG.E,5
probe_fp32_special_modes,STG.E.64.STRONG.SYS,2
probe_fp32_special_modes,STG.E.STRONG.SYS,1
probe_fp32_special_modes,ULDC.64,6
probe_fp64_arithmetic,BRA,7
probe_fp64_arithmetic,BSSY,2
probe_fp64_arithmetic,BSYNC,2
probe_fp64_arithmetic,CALL.REL.NOINC,1
probe_fp64_arithmetic,CS2R,8
probe_fp64_arithmetic,DADD,29
probe_fp64_arithmetic,DFMA,28
probe_fp64_arithmetic,DMUL,4
probe_fp64_arithmetic,DSETP.GEU.AND,1
probe_fp64_arithmetic,DSETP.GT.AND,1
probe_fp64_arithmetic,DSETP.GTU.AND,1
probe_fp64_arithmetic,EXIT,5
probe_fp64_arithmetic,F2F.F32.F64,1
probe_fp64_arithmetic,F2F.F64.F32,20
probe_fp64_arithmetic,FMUL.FTZ,20
probe_fp64_arithmetic,FSEL,2
probe_fp64_arithmetic,FSETP.GEU.AND,1
probe_fp64_arithmetic,IADD3,6
probe_fp64_arithmetic,IMAD,1
probe_fp64_arithmetic,IMAD.MOV.U32,11
probe_fp64_arithmetic,IMAD.WIDE,13
probe_fp64_arithmetic,ISETP.GE.U32.AND,2
probe_fp64_arithmetic,ISETP.NE.AND,2
probe_fp64_arithmetic,LDG.E,20
probe_fp64_arithmetic,LDG.E.64,6
probe_fp64_arithmetic,LEA,1
probe_fp64_arithmetic,LEA.HI.X,1
probe_fp64_arithmetic,LOP3.LUT,3
probe_fp64_arithmetic,MOV,17
probe_fp64_arithmetic,MUFU.RCP64H,3
probe_fp64_arithmetic,NOP,65
probe_fp64_arithmetic,RET.REL.NODEC,1
probe_fp64_arithmetic,S2R,6
probe_fp64_arithmetic,SHF.R.S32.HI,1
probe_fp64_arithmetic,STG.E,1
probe_fp64_arithmetic,STG.E.64,5
probe_fp64_arithmetic,ULDC.64,5
probe_fp64_extended,BRA,7
probe_fp64_extended,BSSY,2
probe_fp64_extended,BSYNC,2
probe_fp64_extended,CALL.REL.NOINC,1
probe_fp64_extended,DADD,8
probe_fp64_extended,DFMA,16
probe_fp64_extended,DMUL,3
probe_fp64_extended,DMUL.RP,1
probe_fp64_extended,DSETP.GE.AND,1
probe_fp64_extended,DSETP.GEU.AND,1
probe_fp64_extended,DSETP.GT.AND,1
probe_fp64_extended,DSETP.GTU.AND,1
probe_fp64_extended,DSETP.MAX.AND,1
probe_fp64_extended,DSETP.MIN.AND,1
probe_fp64_extended,DSETP.NAN.AND,3
probe_fp64_extended,DSETP.NEU.AND,1
probe_fp64_extended,EXIT,4
probe_fp64_extended,FFMA,1
probe_fp64_extended,FMUL.FTZ,1
probe_fp64_extended,FSEL,19
probe_fp64_extended,FSETP.GEU.AND,3
probe_fp64_extended,FSETP.GT.AND,1
probe_fp64_extended,FSETP.GTU.AND,1
probe_fp64_extended,FSETP.GTU.FTZ.AND,1
probe_fp64_extended,FSETP.NEU.AND,2
probe_fp64_extended,FSETP.NEU.FTZ.AND,1
probe_fp64_extended,IADD3,4
probe_fp64_extended,IMAD.IADD,2
probe_fp64_extended,IMAD.MOV,1
probe_fp64_extended,IMAD.MOV.U32,31
probe_fp64_extended,IMAD.WIDE,12
probe_fp64_extended,IMNMX,2
probe_fp64_extended,ISETP.EQ.OR,1
probe_fp64_extended,ISETP.GE.U32.AND,2
probe_fp64_extended,ISETP.GT.U32.AND,1
probe_fp64_extended,ISETP.GT.U32.OR,1
probe_fp64_extended,ISETP.NE.AND,2
probe_fp64_extended,LDG.E,2
probe_fp64_extended,LDG.E.64,6
probe_fp64_extended,LOP3.LUT,12
probe_fp64_extended,MOV,7
probe_fp64_extended,MUFU.RCP,1
probe_fp64_extended,MUFU.RCP64H,2
probe_fp64_extended,NOP,43
probe_fp64_extended,RET.REL.NODEC,1
probe_fp64_extended,S2R,4
probe_fp64_extended,SEL,4
probe_fp64_extended,STG.E,1
probe_fp64_extended,STG.E.64,3
probe_fp64_extended,ULDC.64,4
probe_fp64_transcendentals,BRA,12
probe_fp64_transcendentals,CALL.REL.NOINC,3
probe_fp64_transcendentals,CS2R,14
probe_fp64_transcendentals,DADD,15
probe_fp64_transcendentals,DFMA,57
probe_fp64_transcendentals,DFMA.RM,1
probe_fp64_transcendentals,DFMA.RP,1
probe_fp64_transcendentals,DMUL,22
probe_fp64_transcendentals,DSETP.GE.AND,1
probe_fp64_transcendentals,DSETP.GEU.AND,1
probe_fp64_transcendentals,DSETP.GT.AND,1
probe_fp64_transcendentals,DSETP.GTU.AND,1
probe_fp64_transcendentals,DSETP.NE.AND,1
probe_fp64_transcendentals,DSETP.NEU.AND,3
probe_fp64_transcendentals,EXIT,6
probe_fp64_transcendentals,F2I.F64,1
probe_fp64_transcendentals,FLO.U32,1
probe_fp64_transcendentals,FMUL.RZ,1
probe_fp64_transcendentals,FSEL,8
probe_fp64_transcendentals,FSETP.GEU.FTZ.AND,2
probe_fp64_transcendentals,FSETP.NEU.FTZ.AND,1
probe_fp64_transcendentals,I2F.F64,1
probe_fp64_transcendentals,IADD3,39
probe_fp64_transcendentals,IADD3.X,9
probe_fp64_transcendentals,IMAD,6
probe_fp64_transcendentals,IMAD.HI.U32,4
probe_fp64_transcendentals,IMAD.IADD,3
probe_fp64_transcendentals,IMAD.MOV.U32,94
probe_fp64_transcendentals,IMAD.SHL.U32,5
probe_fp64_transcendentals,IMAD.WIDE,1
probe_fp64_transcendentals,IMAD.WIDE.U32,5
probe_fp64_transcendentals,IMAD.X,14
probe_fp64_transcendentals,ISETP.GE.AND,3
probe_fp64_transcendentals,ISETP.GE.U32.AND,4
probe_fp64_transcendentals,ISETP.GT.AND,4
probe_fp64_transcendentals,ISETP.GT.AND.EX,1
probe_fp64_transcendentals,ISETP.GT.U32.AND,1
probe_fp64_transcendentals,ISETP.NE.AND,14
probe_fp64_transcendentals,ISETP.NE.AND.EX,1
probe_fp64_transcendentals,ISETP.NE.U32.AND,2
probe_fp64_transcendentals,LDG.E.128.CONSTANT,3
probe_fp64_transcendentals,LDG.E.64.CONSTANT,1
probe_fp64_transcendentals,LDG.E.64.STRONG.SYS,5
probe_fp64_transcendentals,LDG.E.STRONG.SYS,1
probe_fp64_transcendentals,LDL.64,2
probe_fp64_transcendentals,LEA,2
probe_fp64_transcendentals,LEA.HI,3
probe_fp64_transcendentals,LEA.HI.X,1
probe_fp64_transcendentals,LOP3.LUT,16
probe_fp64_transcendentals,MOV,28
probe_fp64_transcendentals,MUFU.RCP64H,1
probe_fp64_transcendentals,MUFU.RSQ64H,4
probe_fp64_transcendentals,MUFU.SIN,1
probe_fp64_transcendentals,NOP,68
probe_fp64_transcendentals,R2P,1
probe_fp64_transcendentals,RET.REL.NODEC,3
probe_fp64_transcendentals,S2R,6
probe_fp64_transcendentals,SEL,8
probe_fp64_transcendentals,SHF.L.U32,1
probe_fp64_transcendentals,SHF.L.U64.HI,4
probe_fp64_transcendentals,SHF.R.S32.HI,1
probe_fp64_transcendentals,SHF.R.U32.HI,6
probe_fp64_transcendentals,SHF.R.U64,3
probe_fp64_transcendentals,STG.E.64.STRONG.SYS,17
probe_fp64_transcendentals,STG.E.STRONG.SYS,1
probe_fp64_transcendentals,STL.64,2
probe_fp64_transcendentals,ULDC.64,7
probe_int8_dp4a,BRA,4
probe_int8_dp4a,CS2R,4
probe_int8_dp4a,EXIT,4
probe_int8_dp4a,IADD3,6
probe_int8_dp4a,IDP.4A.S8.S8,25
probe_int8_dp4a,IMAD,1
probe_int8_dp4a,IMAD.MOV.U32,3
probe_int8_dp4a,IMAD.WIDE,10
probe_int8_dp4a,ISETP.NE.AND,2
probe_int8_dp4a,LDG.E,26
probe_int8_dp4a,LEA,3
probe_int8_dp4a,LEA.HI.X,1
probe_int8_dp4a,MOV,10
probe_int8_dp4a,NOP,51
probe_int8_dp4a,S2R,5
probe_int8_dp4a,SHF.R.S32.HI,1
probe_int8_dp4a,STG.E,6
probe_int8_dp4a,ULDC.64,4
probe_int16_arithmetic,BRA,3
probe_int16_arithmetic,EXIT,3
probe_int16_arithmetic,FFMA.FTZ,19
probe_int16_arithmetic,I2F.S16,19
probe_int16_arithmetic,IADD3,3
probe_int16_arithmetic,IMAD,4
probe_int16_arithmetic,IMAD.IADD,1
probe_int16_arithmetic,IMAD.MOV.U32,3
probe_int16_arithmetic,IMAD.WIDE,26
probe_int16_arithmetic,ISETP.GE.AND,3
probe_int16_arithmetic,LDG.E,1
probe_int16_arithmetic,LDG.E.64,1
probe_int16_arithmetic,LDG.E.S16,2
probe_int16_arithmetic,LDG.E.U16,19
probe_int16_arithmetic,LEA,1
probe_int16_arithmetic,MOV,7
probe_int16_arithmetic,NOP,40
probe_int16_arithmetic,PRMT,6
probe_int16_arithmetic,S2R,6
probe_int16_arithmetic,STG.E,3
probe_int16_arithmetic,ULDC.64,3
probe_int64_arithmetic,BRA,6
probe_int64_arithmetic,EXIT,6
probe_int64_arithmetic,IADD3,10
probe_int64_arithmetic,IADD3.X,2
probe_int64_arithmetic,IMAD,3
probe_int64_arithmetic,IMAD.MOV.U32,18
probe_int64_arithmetic,IMAD.U32,12
probe_int64_arithmetic,IMAD.WIDE,12
probe_int64_arithmetic,IMAD.WIDE.U32,4
probe_int64_arithmetic,IMAD.WIDE.U32.X,1
probe_int64_arithmetic,ISETP.EQ.U32.AND,4
probe_int64_arithmetic,ISETP.GE.AND,2
probe_int64_arithmetic,ISETP.GE.AND.EX,1
probe_int64_arithmetic,ISETP.GE.U32.AND,2
probe_int64_arithmetic,ISETP.GT.AND,4
probe_int64_arithmetic,ISETP.GT.AND.EX,1
probe_int64_arithmetic,ISETP.GT.U32.AND,1
probe_int64_arithmetic,ISETP.GT.U32.AND.EX,1
probe_int64_arithmetic,ISETP.NE.AND,4
probe_int64_arithmetic,ISETP.NE.AND.EX,1
probe_int64_arithmetic,ISETP.NE.OR,1
probe_int64_arithmetic,ISETP.NE.U32.AND,1
probe_int64_arithmetic,LDG.E.64,8
probe_int64_arithmetic,LEA,1
probe_int64_arithmetic,LEA.HI.X,1
probe_int64_arithmetic,LOP3.LUT,1
probe_int64_arithmetic,MOV,7
probe_int64_arithmetic,NOP,75
probe_int64_arithmetic,PLOP3.LUT,3
probe_int64_arithmetic,S2R,10
probe_int64_arithmetic,SEL,1
probe_int64_arithmetic,SHF.L.U32,1
probe_int64_arithmetic,SHF.L.U64.HI,1
probe_int64_arithmetic,SHF.L.W.U32.HI,2
probe_int64_arithmetic,SHF.R.S32.HI,1
probe_int64_arithmetic,STG.E,1
probe_int64_arithmetic,STG.E.64,4
probe_int64_arithmetic,UFLO.U32,4
probe_int64_arithmetic,UIADD3,4
probe_int64_arithmetic,UIMAD.WIDE.U32,4
probe_int64_arithmetic,ULDC.64,6
probe_int64_arithmetic,UMOV,4
probe_int64_arithmetic,UPOPC,4
probe_int64_arithmetic,VOTEU.ANY,4
probe_int128_uint128_emulated,BRA,4
probe_int128_uint128_emulated,EXIT,4
probe_int128_uint128_emulated,IADD3,7
probe_int128_uint128_emulated,IADD3.X,1
probe_int128_uint128_emulated,IMAD,2
probe_int128_uint128_emulated,IMAD.MOV.U32,12
probe_int128_uint128_emulated,IMAD.SHL.U32,6
probe_int128_uint128_emulated,IMAD.WIDE,6
probe_int128_uint128_emulated,IMAD.WIDE.U32,4
probe_int128_uint128_emulated,IMAD.WIDE.U32.X,1
probe_int128_uint128_emulated,IMAD.X,3
probe_int128_uint128_emulated,ISETP.GT.AND.EX,1
probe_int128_uint128_emulated,ISETP.GT.U32.AND,1
probe_int128_uint128_emulated,ISETP.NE.AND,2
probe_int128_uint128_emulated,ISETP.NE.AND.EX,1
probe_int128_uint128_emulated,ISETP.NE.U32.AND,1
probe_int128_uint128_emulated,LDG.E.64,8
probe_int128_uint128_emulated,LEA,3
probe_int128_uint128_emulated,LEA.HI.X,3
probe_int128_uint128_emulated,LOP3.LUT,3
probe_int128_uint128_emulated,MOV,5
probe_int128_uint128_emulated,NOP,43
probe_int128_uint128_emulated,S2R,4
probe_int128_uint128_emulated,SEL,1
probe_int128_uint128_emulated,SHF.L.U32,1
probe_int128_uint128_emulated,SHF.L.U64.HI,2
probe_int128_uint128_emulated,SHF.R.S32.HI,3
probe_int128_uint128_emulated,SHF.R.U32.HI,2
probe_int128_uint128_emulated,SHF.R.U64,1
probe_int128_uint128_emulated,STG.E.64,8
probe_int128_uint128_emulated,ULDC.64,4
probe_int_arith,BRA,6
probe_int_arith,EXIT,6
probe_int_arith,IADD3,7
probe_int_arith,IMAD,17
probe_int_arith,IMAD.IADD,1
probe_int_arith,IMAD.MOV.U32,4
probe_int_arith,IMAD.WIDE,20
probe_int_arith,ISETP.GE.AND,2
probe_int_arith,ISETP.GE.U32.AND,1
probe_int_arith,ISETP.GT.AND,2
probe_int_arith,ISETP.GT.U32.AND,1
probe_int_arith,ISETP.NE.AND,2
probe_int_arith,LDG.E,17
probe_int_arith,LEA,1
probe_int_arith,MOV,11
probe_int_arith,NOP,67
probe_int_arith,S2R,6
probe_int_arith,SEL,2
probe_int_arith,STG.E,5
probe_int_arith,STG.E.64,1
probe_int_arith,ULDC.64,6
probe_l1_l2_dram_boundary,BRA,1
probe_l1_l2_dram_boundary,CS2R,3
probe_l1_l2_dram_boundary,EXIT,1
probe_l1_l2_dram_boundary,IADD3,2
probe_l1_l2_dram_boundary,IMAD.MOV.U32,4
probe_l1_l2_dram_boundary,IMAD.X,1
probe_l1_l2_dram_boundary,ISETP.NE.AND,1
probe_l1_l2_dram_boundary,LDG.E,1
probe_l1_l2_dram_boundary,LEA,1
probe_l1_l2_dram_boundary,LEA.HI.X,1
probe_l1_l2_dram_boundary,MOV,2
probe_l1_l2_dram_boundary,NOP,8
probe_l1_l2_dram_boundary,SHF.R.S32.HI,1
probe_l1_l2_dram_boundary,STG.E.64.STRONG.SYS,3
probe_l1_l2_dram_boundary,ULDC.64,1
probe_memory,ATOMG.E.AND.STRONG.GPU,1
probe_memory,ATOMG.E.CAS.STRONG.GPU,1
probe_memory,ATOMG.E.EXCH.STRONG.GPU,1
probe_memory,ATOMG.E.MAX.S32.STRONG.GPU,1
probe_memory,ATOMG.E.MIN.S32.STRONG.GPU,1
probe_memory,ATOMG.E.OR.STRONG.GPU,1
probe_memory,ATOMG.E.XOR.STRONG.GPU,1
probe_memory,ATOMS.POPC.INC.32,1
probe_memory,BAR.SYNC.DEFER_BLOCKING,6
probe_memory,BRA,7
probe_memory,BSSY,2
probe_memory,BSYNC,2
probe_memory,CCTL.IVALL,1
probe_memory,ERRBAR,1
probe_memory,EXIT,7
probe_memory,FADD.FTZ,13
probe_memory,FLO.U32,1
probe_memory,IADD3,7
probe_memory,IMAD.IADD,1
probe_memory,IMAD.MOV.U32,29
probe_memory,IMAD.U32,1
probe_memory,IMAD.WIDE,15
probe_memory,ISETP.EQ.U32.AND,2
probe_memory,ISETP.GT.AND,1
probe_memory,ISETP.NE.AND,2
probe_memory,LDG.E,8
probe_memory,LDG.E.128,1
probe_memory,LDG.E.64,1
probe_memory,LDG.E.CONSTANT,1
probe_memory,LDS,10
probe_memory,LEA,1
probe_memory,LEA.HI,1
probe_memory,LEA.HI.X,1
probe_memory,LOP3.LUT,4
probe_memory,MEMBAR.SC.CTA,1
probe_memory,MEMBAR.SC.GPU,1
probe_memory,MOV,37
probe_memory,NOP,86
probe_memory,POPC,2
probe_memory,REDUX.MAX.S32,1
probe_memory,REDUX.MIN.S32,1
probe_memory,S2R,10
probe_memory,SHFL.IDX,1
probe_memory,SHF.L.U32,2
probe_memory,SHF.R.S32.HI,2
probe_memory,STG.E,9
probe_memory,STG.E.128,1
probe_memory,STG.E.64,1
probe_memory,STS,38
probe_memory,UFLO.U32,1
probe_memory,ULDC.64,7
probe_memory,VOTEU.ANY,2
probe_memory_scope,BRA,4
probe_memory_scope,BSSY,1
probe_memory_scope,BSYNC,1
probe_memory_scope,CCTL.E.PF2,19
probe_memory_scope,CCTL.IVALL,4
probe_memory_scope,ERRBAR,4
probe_memory_scope,EXIT,4
probe_memory_scope,FADD.FTZ,19
probe_memory_scope,FFMA.FTZ,1
probe_memory_scope,IADD3,4
probe_memory_scope,IMAD,2
probe_memory_scope,IMAD.MOV.U32,4
probe_memory_scope,IMAD.WIDE,43
probe_memory_scope,ISETP.GE.AND,5
probe_memory_scope,ISETP.NE.AND,1
probe_memory_scope,LDG.E,20
probe_memory_scope,LDG.E.STRONG.SYS,1
probe_memory_scope,LEA,2
probe_memory_scope,MEMBAR.SC.CTA,1
probe_memory_scope,MEMBAR.SC.GPU,1
probe_memory_scope,MEMBAR.SC.SYS,3
probe_memory_scope,MOV,13
probe_memory_scope,NOP,44
probe_memory_scope,S2R,6
probe_memory_scope,STG.E,2
probe_memory_scope,STG.E.STRONG.SYS,3
probe_memory_scope,ULDC.64,4
probe_mixed_precision,BRA,4
probe_mixed_precision,EXIT,4
probe_mixed_precision,F2FP.F16.E4M3.UNPACK_B,19
probe_mixed_precision,F2FP.F16.F32.PACK_AB,10
probe_mixed_precision,F2FP.SATFINITE.E4M3.F32.PACK_AB_MERGE_C,19
probe_mixed_precision,F2I.FTZ.TRUNC.NTZ,19
probe_mixed_precision,FADD.FTZ,76
probe_mixed_precision,FFMA.FTZ,114
probe_mixed_precision,FMNMX.FTZ,38
probe_mixed_precision,FMUL.FTZ,38
probe_mixed_precision,HADD2.F32,57
probe_mixed_precision,I2F.S16,19
probe_mixed_precision,IADD3,86
probe_mixed_precision,IMAD,5
probe_mixed_precision,IMAD.MOV.U32,3
probe_mixed_precision,IMAD.WIDE,39
probe_mixed_precision,ISETP.GE.AND,4
probe_mixed_precision,LDG.E.S8,19
probe_mixed_precision,LDG.E.U16,38
probe_mixed_precision,LDG.E.U8,19
probe_mixed_precision,LEA,3
probe_mixed_precision,LEA.HI.X.SX32,38
probe_mixed_precision,MOV,10
probe_mixed_precision,NOP,52
probe_mixed_precision,PRMT,9
probe_mixed_precision,S2R,8
probe_mixed_precision,STG.E,1
probe_mixed_precision,STG.E.U16,19
probe_mixed_precision,STG.E.U8,38
probe_mixed_precision,ULDC.64,4
probe_mufu,BRA,38
probe_mufu,BSSY,49
probe_mufu,BSYNC,49
probe_mufu,CALL.REL.NOINC,32
probe_mufu,EXIT,5
probe_mufu,FADD.FTZ,47
probe_mufu,FFMA,64
probe_mufu,FFMA.FTZ,80
probe_mufu,FMUL.FTZ,80
probe_mufu,FMUL.RZ,15
probe_mufu,FSETP.GEU.FTZ.AND,1
probe_mufu,FSETP.GTU.FTZ.AND,1
probe_mufu,FSETP.NEU.FTZ.AND,2
probe_mufu,IADD3,65
probe_mufu,IMAD.IADD,1
probe_mufu,IMAD.MOV,1
probe_mufu,IMAD.MOV.U32,28
probe_mufu,IMAD.WIDE,9
probe_mufu,ISETP.EQ.U32.AND,2
probe_mufu,ISETP.GE.U32.AND,16
probe_mufu,ISETP.GT.U32.AND,32
probe_mufu,ISETP.NE.U32.AND,2
probe_mufu,LDG.E,5
probe_mufu,LEA,1
probe_mufu,LEA.HI.SX32,16
probe_mufu,LEA.HI.X,1
probe_mufu,LOP3.LUT,53
probe_mufu,MOV,77
probe_mufu,MUFU.COS,8
probe_mufu,MUFU.EX2,8
probe_mufu,MUFU.LG2,8
probe_mufu,MUFU.RCP,17
probe_mufu,MUFU.RSQ,32
probe_mufu,MUFU.SIN,8
probe_mufu,NOP,58
probe_mufu,RET.REL.NODEC,2
probe_mufu,S2R,5
probe_mufu,SEL,3
probe_mufu,SHF.R.S32.HI,1
probe_mufu,STG.E,5
probe_mufu,ULDC.64,5
probe_mx_microscaling,BRA,6
probe_mx_microscaling,BSSY,2
probe_mx_microscaling,BSYNC,2
probe_mx_microscaling,EXIT,4
probe_mx_microscaling,F2I.TRUNC.NTZ,1
probe_mx_microscaling,FADD.FTZ,1
probe_mx_microscaling,FADD.FTZ.RZ,1
probe_mx_microscaling,FFMA.FTZ,1
probe_mx_microscaling,FMNMX.FTZ,7
probe_mx_microscaling,FMUL.FTZ,6
probe_mx_microscaling,FMUL.FTZ.D8,1
probe_mx_microscaling,FSEL,2
probe_mx_microscaling,FSETP.GEU.FTZ.AND,1
probe_mx_microscaling,FSETP.GT.FTZ.AND,1
probe_mx_microscaling,FSETP.NEU.FTZ.AND,1
probe_mx_microscaling,I2FP.F32.S32,1
probe_mx_microscaling,I2F.S16,1
probe_mx_microscaling,I2F.U16,2
probe_mx_microscaling,IADD3,8
probe_mx_microscaling,IADD3.X,1
probe_mx_microscaling,IMAD,5
probe_mx_microscaling,IMAD.IADD,1
probe_mx_microscaling,IMAD.MOV.U32,11
probe_mx_microscaling,IMAD.SHL.U32,4
probe_mx_microscaling,IMAD.WIDE,4
probe_mx_microscaling,IMAD.X,1
probe_mx_microscaling,IMNMX,2
probe_mx_microscaling,ISETP.EQ.OR,1
probe_mx_microscaling,ISETP.GE.AND,5
probe_mx_microscaling,ISETP.NE.AND,2
probe_mx_microscaling,ISETP.NE.U32.AND,1
probe_mx_microscaling,LDC,1
probe_mx_microscaling,LDG.E,2
probe_mx_microscaling,LDG.E.S8,2
probe_mx_microscaling,LDG.E.U8,3
probe_mx_microscaling,LEA,1
probe_mx_microscaling,LEA.HI,3
probe_mx_microscaling,LEA.HI.X,1
probe_mx_microscaling,LEA.HI.X.SX32,4
probe_mx_microscaling,LOP3.LUT,13
probe_mx_microscaling,MUFU.EX2,1
probe_mx_microscaling,MUFU.RCP,1
probe_mx_microscaling,NOP,49
probe_mx_microscaling,PRMT,2
probe_mx_microscaling,S2R,8
probe_mx_microscaling,SEL,1
probe_mx_microscaling,SHFL.BFLY,5
probe_mx_microscaling,SHF.R.S32.HI,6
probe_mx_microscaling,SHF.R.U32.HI,5
probe_mx_microscaling,STG.E,3
probe_mx_microscaling,STG.E.U8,1
probe_mx_microscaling,ULDC.64,4
probe_nanosleep_scheduling,BRA,6
probe_nanosleep_scheduling,CS2R,12
probe_nanosleep_scheduling,EXIT,6
probe_nanosleep_scheduling,FADD.FTZ,6
probe_nanosleep_scheduling,I2FP.F32.U32,1
probe_nanosleep_scheduling,IADD3,11
probe_nanosleep_scheduling,IADD3.X,2
probe_nanosleep_scheduling,IMAD.IADD,5
probe_nanosleep_scheduling,IMAD.MOV.U32,23
probe_nanosleep_scheduling,IMAD.U32,1
probe_nanosleep_scheduling,IMAD.X,4
probe_nanosleep_scheduling,ISETP.NE.AND,9
probe_nanosleep_scheduling,LDG.E.STRONG.SYS,3
probe_nanosleep_scheduling,LOP3.LUT,3
probe_nanosleep_scheduling,MOV,22
probe_nanosleep_scheduling,NANOSLEEP,1088
probe_nanosleep_scheduling,NOP,68
probe_nanosleep_scheduling,REDUX.SUM.S32,1
probe_nanosleep_scheduling,S2R,6
probe_nanosleep_scheduling,SHFL.BFLY,10
probe_nanosleep_scheduling,STG.E.64.STRONG.SYS,12
probe_nanosleep_scheduling,STG.E.STRONG.SYS,6
probe_nanosleep_scheduling,ULDC.64,6
probe_nf4_normalfloat,BRA,4
probe_nf4_normalfloat,BSSY,1
probe_nf4_normalfloat,BSYNC,1
probe_nf4_normalfloat,EXIT,4
probe_nf4_normalfloat,F2I.TRUNC.NTZ,1
probe_nf4_normalfloat,FADD.FTZ,5
probe_nf4_normalfloat,FADD.FTZ.RZ,1
probe_nf4_normalfloat,FFMA.FTZ,1
probe_nf4_normalfloat,FMNMX.FTZ,8
probe_nf4_normalfloat,FMUL.FTZ,1
probe_nf4_normalfloat,FSETP.GEU.FTZ.AND,5
probe_nf4_normalfloat,FSETP.GT.FTZ.AND,60
probe_nf4_normalfloat,I2FP.F32.S32,1
probe_nf4_normalfloat,IADD3,2
probe_nf4_normalfloat,IMAD,3
probe_nf4_normalfloat,IMAD.IADD,1
probe_nf4_normalfloat,IMAD.MOV.U32,11
probe_nf4_normalfloat,IMAD.SHL.U32,6
probe_nf4_normalfloat,IMAD.WIDE,7
probe_nf4_normalfloat,IMNMX,2
probe_nf4_normalfloat,ISETP.EQ.AND,16
probe_nf4_normalfloat,ISETP.GE.AND,4
probe_nf4_normalfloat,LDC,4
probe_nf4_normalfloat,LDG.E,4
probe_nf4_normalfloat,LDG.E.U8,1
probe_nf4_normalfloat,LEA,1
probe_nf4_normalfloat,LEA.HI.X,1
probe_nf4_normalfloat,LEA.HI.X.SX32,2
probe_nf4_normalfloat,LOP3.LUT,3
probe_nf4_normalfloat,MOV,1
probe_nf4_normalfloat,NOP,43
probe_nf4_normalfloat,PRMT,2
probe_nf4_normalfloat,S2R,7
probe_nf4_normalfloat,SEL,60
probe_nf4_normalfloat,SHF.L.U32,1
probe_nf4_normalfloat,SHF.R.S32.HI,1
probe_nf4_normalfloat,SHF.R.U32.HI,1
probe_nf4_normalfloat,STG.E,6
probe_nf4_normalfloat,STG.E.U8,1
probe_nf4_normalfloat,ULDC.64,4
probe_nibble_packing,BAR.SYNC.DEFER_BLOCKING,1
probe_nibble_packing,BRA,5
probe_nibble_packing,BSSY,1
probe_nibble_packing,BSYNC,1
probe_nibble_packing,EXIT,5
probe_nibble_packing,FFMA.FTZ,38
probe_nibble_packing,I2FP.F32.S32,38
probe_nibble_packing,IADD3,23
probe_nibble_packing,IMAD,1
probe_nibble_packing,IMAD.IADD,16
probe_nibble_packing,IMAD.MOV.U32,9
probe_nibble_packing,IMAD.SHL.U32,5
probe_nibble_packing,IMAD.WIDE,9
probe_nibble_packing,IMNMX,4
probe_nibble_packing,ISETP.EQ.AND,16
probe_nibble_packing,ISETP.GE.AND,21
probe_nibble_packing,ISETP.GT.U32.AND,21
probe_nibble_packing,LDG.E,4
probe_nibble_packing,LDG.E.S8,20
probe_nibble_packing,LDG.E.U8,1
probe_nibble_packing,LDS,2
probe_nibble_packing,LEA.HI,1
probe_nibble_packing,LEA.HI.X.SX32,22
probe_nibble_packing,LOP3.LUT,42
probe_nibble_packing,MOV,2
probe_nibble_packing,NOP,67
probe_nibble_packing,PRMT,3
probe_nibble_packing,S2R,6
probe_nibble_packing,SHF.R.S32.HI,1
probe_nibble_packing,SHF.R.U32.HI,21
probe_nibble_packing,STG.E,9
probe_nibble_packing,STG.E.U8,1
probe_nibble_packing,STS,1
probe_nibble_packing,ULDC.64,5
probe_nonexistent_formats_emulation,BRA,5
probe_nonexistent_formats_emulation,DADD,36
probe_nonexistent_formats_emulation,EXIT,5
probe_nonexistent_formats_emulation,F2FP.F16.E5M2.UNPACK_B,1
probe_nonexistent_formats_emulation,F2FP.SATFINITE.E5M2.F32.PACK_AB_MERGE_C,1
probe_nonexistent_formats_emulation,FMUL.FTZ,2
probe_nonexistent_formats_emulation,FSEL,2
probe_nonexistent_formats_emulation,HADD2.F32,1
probe_nonexistent_formats_emulation,IADD3,10
probe_nonexistent_formats_emulation,IADD3.X,2
probe_nonexistent_formats_emulation,IMAD,1
probe_nonexistent_formats_emulation,IMAD.MOV.U32,18
probe_nonexistent_formats_emulation,IMAD.SHL.U32,4
probe_nonexistent_formats_emulation,IMAD.WIDE,9
probe_nonexistent_formats_emulation,IMAD.X,5
probe_nonexistent_formats_emulation,ISETP.GE.AND,2
probe_nonexistent_formats_emulation,ISETP.GE.U32.AND,2
probe_nonexistent_formats_emulation,ISETP.GE.U32.AND.EX,2
probe_nonexistent_formats_emulation,ISETP.LT.U32.AND,2
probe_nonexistent_formats_emulation,ISETP.LT.U32.OR.EX,2
probe_nonexistent_formats_emulation,ISETP.NE.AND,2
probe_nonexistent_formats_emulation,ISETP.NE.AND.EX,2
probe_nonexistent_formats_emulation,ISETP.NE.U32.AND,3
probe_nonexistent_formats_emulation,LDC,2
probe_nonexistent_formats_emulation,LDG.E,1
probe_nonexistent_formats_emulation,LDG.E.64,14
probe_nonexistent_formats_emulation,LDG.E.S8,1
probe_nonexistent_formats_emulation,LEA,1
probe_nonexistent_formats_emulation,LEA.HI.X,1
probe_nonexistent_formats_emulation,LEA.HI.X.SX32,1
probe_nonexistent_formats_emulation,LOP3.LUT,7
probe_nonexistent_formats_emulation,MOV,3
probe_nonexistent_formats_emulation,NOP,61
probe_nonexistent_formats_emulation,S2R,6
probe_nonexistent_formats_emulation,SEL,3
probe_nonexistent_formats_emulation,SHF.L.U32,1
probe_nonexistent_formats_emulation,SHF.L.U64.HI,1
probe_nonexistent_formats_emulation,SHF.R.S32.HI,2
probe_nonexistent_formats_emulation,SHF.R.U32.HI,1
probe_nonexistent_formats_emulation,STG.E,3
probe_nonexistent_formats_emulation,STG.E.64,10
probe_nonexistent_formats_emulation,ULDC.64,5
probe_optix_rt_core,BRA,1
probe_optix_rt_core,EXIT,1
probe_optix_rt_core,F2I.FTZ.TRUNC.NTZ,3
probe_optix_rt_core,FADD.FTZ,10
probe_optix_rt_core,FFMA.FTZ,10
probe_optix_rt_core,I2FP.F32.S32,3
probe_optix_rt_core,IADD3,3
probe_optix_rt_core,IMAD,7
probe_optix_rt_core,IMAD.WIDE,8
probe_optix_rt_core,IMNMX,6
probe_optix_rt_core,ISETP.GE.AND,1
probe_optix_rt_core,LDG.E,15
probe_optix_rt_core,LEA,1
probe_optix_rt_core,MOV,3
probe_optix_rt_core,NOP,13
probe_optix_rt_core,S2R,2
probe_optix_rt_core,STG.E,1
probe_optix_rt_core,UIADD3,3
probe_optix_rt_core,ULDC,1
probe_optix_rt_core,ULDC.64,2
probe_optix_rt_core,UMOV,1
probe_posit_unum,BRA,5
probe_posit_unum,BSSY,16
probe_posit_unum,BSYNC,16
probe_posit_unum,CS2R,1
probe_posit_unum,EXIT,3
probe_posit_unum,F2I.FTZ.FLOOR.NTZ,2
probe_posit_unum,F2I.FTZ.TRUNC.NTZ,1
probe_posit_unum,F2I.TRUNC.NTZ,2
probe_posit_unum,FADD.FTZ,6
probe_posit_unum,FADD.FTZ.RZ,2
probe_posit_unum,FFMA.FTZ,4
probe_posit_unum,FMUL.FTZ,8
probe_posit_unum,FSETP.GEU.FTZ.AND,4
probe_posit_unum,FSETP.NEU.FTZ.AND,2
probe_posit_unum,I2FP.F32.S32,12
probe_posit_unum,I2F.U16,4
probe_posit_unum,IADD3,23
probe_posit_unum,IADD3.X,4
probe_posit_unum,IMAD,2
probe_posit_unum,IMAD.MOV,6
probe_posit_unum,IMAD.MOV.U32,65
probe_posit_unum,IMAD.WIDE,2
probe_posit_unum,IMNMX,6
probe_posit_unum,ISETP.GE.AND,4
probe_posit_unum,ISETP.GT.AND,10
probe_posit_unum,ISETP.LT.AND,4
probe_posit_unum,ISETP.NE.AND,37
probe_posit_unum,LDG.E,1
probe_posit_unum,LDG.E.U8,3
probe_posit_unum,LEA,1
probe_posit_unum,LEA.HI.X,1
probe_posit_unum,LOP3.LUT,48
probe_posit_unum,MUFU.EX2,6
probe_posit_unum,MUFU.LG2,2
probe_posit_unum,MUFU.RCP,4
probe_posit_unum,NOP,32
probe_posit_unum,PLOP3.LUT,2
probe_posit_unum,PRMT,15
probe_posit_unum,S2R,5
probe_posit_unum,SHF.L.U32,16
probe_posit_unum,SHF.R.S32.HI,2
probe_posit_unum,SHF.R.U32.HI,28
probe_posit_unum,STG.E,2
probe_posit_unum,STG.E.U8,1
probe_posit_unum,ULDC.64,3
probe_predicate_pressure,BRA,5
probe_predicate_pressure,EXIT,5
probe_predicate_pressure,FADD.FTZ,8
probe_predicate_pressure,FSEL,5
probe_predicate_pressure,FSETP.GE.FTZ.AND,1
probe_predicate_pressure,FSETP.GEU.FTZ.AND,3
probe_predicate_pressure,FSETP.GT.FTZ.AND,26
probe_predicate_pressure,FSETP.GTU.FTZ.AND,1
probe_predicate_pressure,FSETP.NEU.FTZ.AND,2
probe_predicate_pressure,IMAD.MOV.U32,3
probe_predicate_pressure,IMAD.WIDE,19
probe_predicate_pressure,ISETP.NE.AND,4
probe_predicate_pressure,LDG.E,32
probe_predicate_pressure,MOV,7
probe_predicate_pressure,NOP,59
probe_predicate_pressure,P2R,4
probe_predicate_pressure,PLOP3.LUT,18
probe_predicate_pressure,S2R,5
probe_predicate_pressure,STG.E,5
probe_predicate_pressure,ULDC.64,5
probe_register_pressure,BRA,4
probe_register_pressure,EXIT,4
probe_register_pressure,FADD.FTZ,234
probe_register_pressure,FFMA.FTZ,19
probe_register_pressure,FMUL.FTZ,8
probe_register_pressure,IADD3,1
probe_register_pressure,IMAD,4
probe_register_pressure,IMAD.WIDE,79
probe_register_pressure,ISETP.GE.AND,3
probe_register_pressure,LDG.E,77
probe_register_pressure,LEA,4
probe_register_pressure,MOV,13
probe_register_pressure,MUFU.RCP,2
probe_register_pressure,NOP,47
probe_register_pressure,S2R,8
probe_register_pressure,SHF.L.U32,1
probe_register_pressure,STG.E,5
probe_register_pressure,ULDC.64,4
probe_special_regs,BAR.SYNC.DEFER_BLOCKING,1
probe_special_regs,BRA,2
probe_special_regs,CS2R.32,1
probe_special_regs,DEPBAR.LE,9
probe_special_regs,EXIT,2
probe_special_regs,IADD3,5
probe_special_regs,IMAD.MOV.U32,3
probe_special_regs,IMAD.U32,4
probe_special_regs,IMAD.WIDE,2
probe_special_regs,MOV,5
probe_special_regs,NOP,26
probe_special_regs,S2R,7
probe_special_regs,S2UR,11
probe_special_regs,SGXT.U32,1
probe_special_regs,SHF.L.U32,1
probe_special_regs,SHF.R.U32.HI,1
probe_special_regs,STG.E,1
probe_special_regs,STG.E.64,4
probe_special_regs,UIADD3,4
probe_special_regs,ULDC.64,2
probe_special_regs,USHF.R.S32.HI,4
probe_swizzled_add,BRA,3
probe_swizzled_add,EXIT,3
probe_swizzled_add,F2I.FTZ.TRUNC.NTZ,1
probe_swizzled_add,FADD,5
probe_swizzled_add,FADD.FTZ,10
probe_swizzled_add,FMUL.FTZ,1
probe_swizzled_add,IMAD.WIDE,7
probe_swizzled_add,LDG.E,3
probe_swizzled_add,MOV,7
probe_swizzled_add,NOP,38
probe_swizzled_add,REDUX.SUM.S32,1
probe_swizzled_add,S2R,3
probe_swizzled_add,SHFL.BFLY,15
probe_swizzled_add,STG.E,4
probe_swizzled_add,ULDC.64,3
probe_tensor_all_widths,BRA,8
probe_tensor_all_widths,EXIT,8
probe_tensor_all_widths,F2FP.F16.F32.PACK_AB,12
probe_tensor_all_widths,FADD.FTZ,56
probe_tensor_all_widths,HMMA.16816.F32,224
probe_tensor_all_widths,HMMA.16816.F32.BF16,32
probe_tensor_all_widths,HMMA.1684.F32.TF32,320
probe_tensor_all_widths,IADD3,18
probe_tensor_all_widths,IADD3.X,4
probe_tensor_all_widths,IMAD.IADD,8
probe_tensor_all_widths,IMAD.MOV.U32,12
probe_tensor_all_widths,IMAD.SHL.U32,2
probe_tensor_all_widths,IMAD.WIDE,16
probe_tensor_all_widths,IMAD.WIDE.U32,10
probe_tensor_all_widths,IMMA.16816.S8.S8,160
probe_tensor_all_widths,LD.E,24
probe_tensor_all_widths,LDG.E,32
probe_tensor_all_widths,LEA,18
probe_tensor_all_widths,LEA.HI.X,16
probe_tensor_all_widths,LOP3.LUT,10
probe_tensor_all_widths,MOV,8
probe_tensor_all_widths,NOP,92
probe_tensor_all_widths,S2R,8
probe_tensor_all_widths,SHF.R.U32.HI,8
probe_tensor_all_widths,ST.E.64,8
probe_tensor_all_widths,STG.E,12
probe_tensor_all_widths,STG.E.64,12
probe_tensor_all_widths,ULDC.64,8
probe_tensor_deep,BRA,6
probe_tensor_deep,CS2R,6
probe_tensor_deep,EXIT,6
probe_tensor_deep,F2FP.F16.F32.PACK_AB,24
probe_tensor_deep,FADD.FTZ,88
probe_tensor_deep,FFMA.FTZ,256
probe_tensor_deep,HMMA.16816.F32,2050
probe_tensor_deep,IADD3,2
probe_tensor_deep,IMAD.MOV.U32,11
probe_tensor_deep,IMAD.WIDE,2
probe_tensor_deep,IMAD.WIDE.U32,6
probe_tensor_deep,IMAD.X,1
probe_tensor_deep,ISETP.NE.AND,2
probe_tensor_deep,LDG.E,49
probe_tensor_deep,LEA,18
probe_tensor_deep,LEA.HI.X,18
probe_tensor_deep,LOP3.LUT,6
probe_tensor_deep,MOV,8
probe_tensor_deep,NOP,59
probe_tensor_deep,S2R,8
probe_tensor_deep,SHF.R.U32.HI,6
probe_tensor_deep,STG.E,25
probe_tensor_deep,STG.E.64.STRONG.SYS,2
probe_tensor_deep,ULDC.64,6
probe_tensor_extended,BRA,5
probe_tensor_extended,EXIT,5
probe_tensor_extended,HMMA.16816.F32.BF16,2
probe_tensor_extended,HMMA.1684.F32.TF32,36
probe_tensor_extended,IADD3,8
probe_tensor_extended,IADD3.X,2
probe_tensor_extended,IMAD,1
probe_tensor_extended,IMAD.MOV.U32,8
probe_tensor_extended,IMAD.SHL.U32,1
probe_tensor_extended,IMAD.WIDE,16
probe_tensor_extended,IMAD.WIDE.U32,6
probe_tensor_extended,IMMA.16816.S8.S8,2
probe_tensor_extended,IMMA.8832.S4.S4,1
probe_tensor_extended,LD.E,24
probe_tensor_extended,LD.E.64,4
probe_tensor_extended,LDG.E,6
probe_tensor_extended,LDG.E.64,9
probe_tensor_extended,LEA,14
probe_tensor_extended,LEA.HI.X,13
probe_tensor_extended,LOP3.LUT,6
probe_tensor_extended,MOV,5
probe_tensor_extended,NOP,58
probe_tensor_extended,S2R,5
probe_tensor_extended,SHF.R.U32.HI,5
probe_tensor_extended,ST.E.64,8
probe_tensor_extended,STG.E.64,9
probe_tensor_extended,ULDC.64,5
probe_tensor_ldsm,BAR.SYNC.DEFER_BLOCKING,3
probe_tensor_ldsm,BRA,3
probe_tensor_ldsm,BSSY,8
probe_tensor_ldsm,BSYNC,8
probe_tensor_ldsm,CS2R,4
probe_tensor_ldsm,EXIT,3
probe_tensor_ldsm,F2FP.F16.F32.PACK_AB,8
probe_tensor_ldsm,HMMA.16816.F16,2
probe_tensor_ldsm,HMMA.16816.F32,4
probe_tensor_ldsm,IADD3,44
probe_tensor_ldsm,IADD3.X,2
probe_tensor_ldsm,IMAD,8
probe_tensor_ldsm,IMAD.MOV.U32,31
probe_tensor_ldsm,IMAD.SHL.U32,13
probe_tensor_ldsm,IMAD.WIDE,11
probe_tensor_ldsm,IMAD.WIDE.U32,3
probe_tensor_ldsm,IMAD.X,10
probe_tensor_ldsm,IMNMX,2
probe_tensor_ldsm,ISETP.GE.AND,4
probe_tensor_ldsm,ISETP.GE.U32.AND,2
probe_tensor_ldsm,ISETP.GT.AND,6
probe_tensor_ldsm,ISETP.LT.OR,2
probe_tensor_ldsm,ISETP.NE.AND,4
probe_tensor_ldsm,LDG.E,12
probe_tensor_ldsm,LDG.E.U16,118
probe_tensor_ldsm,LDSM.16.M88.4,4
probe_tensor_ldsm,LEA,7
probe_tensor_ldsm,LEA.HI,2
probe_tensor_ldsm,LEA.HI.X,6
probe_tensor_ldsm,LOP3.LUT,11
probe_tensor_ldsm,NOP,40
probe_tensor_ldsm,PLOP3.LUT,6
probe_tensor_ldsm,S2R,6
probe_tensor_ldsm,SHF.R.U32.HI,7
probe_tensor_ldsm,STG.E,12
probe_tensor_ldsm,STS.U16,118
probe_tensor_ldsm,ULDC.64,3
probe_tensor,BRA,2
probe_tensor,EXIT,2
probe_tensor,F2FP.F16.F32.PACK_AB,20
probe_tensor,HMMA.16816.F32,10
probe_tensor,IMAD.MOV.U32,4
probe_tensor,IMAD.WIDE.U32,2
probe_tensor,LDG.E,25
probe_tensor,LDG.E.64,4
probe_tensor,LEA,7
probe_tensor,LEA.HI.X,7
probe_tensor,LOP3.LUT,2
probe_tensor,NOP,20
probe_tensor,S2R,2
probe_tensor,SHF.R.U32.HI,2
probe_tensor,STG.E,20
probe_tensor,ULDC.64,2
probe_texture_surface,BRA,6
probe_texture_surface,DEPBAR.LE,1
probe_texture_surface,EXIT,6
probe_texture_surface,F2I.FTZ.TRUNC.NTZ,1
probe_texture_surface,F2I.FTZ.U32.TRUNC.NTZ,3
probe_texture_surface,FADD.FTZ,12
probe_texture_surface,FFMA.FTZ,8
probe_texture_surface,FMUL.FTZ,5
probe_texture_surface,I2FP.F32.S32,11
probe_texture_surface,I2F.RP,3
probe_texture_surface,IABS,6
probe_texture_surface,IADD3,12
probe_texture_surface,IMAD,16
probe_texture_surface,IMAD.HI.U32,6
probe_texture_surface,IMAD.IADD,1
probe_texture_surface,IMAD.MOV,6
probe_texture_surface,IMAD.MOV.U32,10
probe_texture_surface,IMAD.WIDE,5
probe_texture_surface,ISETP.GE.AND,8
probe_texture_surface,ISETP.GE.OR,1
probe_texture_surface,ISETP.GE.U32.AND,2
probe_texture_surface,ISETP.GT.U32.AND,4
probe_texture_surface,ISETP.NE.AND,4
probe_texture_surface,LEA.HI,1
probe_texture_surface,LOP3.LUT,3
probe_texture_surface,MOV,12
probe_texture_surface,MUFU.RCP,8
probe_texture_surface,NOP,68
probe_texture_surface,S2R,13
probe_texture_surface,SHF.L.U32,1
probe_texture_surface,SHF.R.S32.HI,1
probe_texture_surface,STG.E,5
probe_texture_surface,SULD.D.BA.1D.STRONG.SM.TRAP,1
probe_texture_surface,SUST.D.BA.1D.STRONG.SM.TRAP,1
probe_texture_surface,TEX.SCR.LL,2
probe_texture_surface,TLD.SCR.LZ,10
probe_texture_surface,ULDC.64,5
probe_tf32_scalar,BRA,4
probe_tf32_scalar,CS2R,4
probe_tf32_scalar,EXIT,4
probe_tf32_scalar,FADD.FTZ,2
probe_tf32_scalar,FFMA,1024
probe_tf32_scalar,FFMA.FTZ,3
probe_tf32_scalar,IADD3,2
probe_tf32_scalar,IADD3.X,1
probe_tf32_scalar,IMAD,1
probe_tf32_scalar,IMAD.MOV.U32,4
probe_tf32_scalar,IMAD.WIDE,10
probe_tf32_scalar,IMAD.X,1
probe_tf32_scalar,ISETP.GE.AND,1
probe_tf32_scalar,ISETP.NE.AND,2
probe_tf32_scalar,LDG.E,6
probe_tf32_scalar,LDG.E.STRONG.SYS,6
probe_tf32_scalar,LOP3.LUT,516
probe_tf32_scalar,MOV,14
probe_tf32_scalar,NOP,37
probe_tf32_scalar,S2R,5
probe_tf32_scalar,STG.E,4
probe_tf32_scalar,STG.E.64.STRONG.SYS,4
probe_tf32_scalar,STG.E.STRONG.SYS,2
probe_tf32_scalar,ULDC.64,4
probe_transcendentals,BRA,21
probe_transcendentals,BSSY,6
probe_transcendentals,BSYNC,6
probe_transcendentals,CALL.REL.NOINC,2
probe_transcendentals,CS2R,2
probe_transcendentals,DADD,11
probe_transcendentals,DFMA,50
probe_transcendentals,DFMA.RM,1
probe_transcendentals,DFMA.RP,1
probe_transcendentals,DMUL,14
probe_transcendentals,DSETP.GE.AND,1
probe_transcendentals,DSETP.GEU.AND,1
probe_transcendentals,DSETP.GT.AND,1
probe_transcendentals,DSETP.NE.AND,1
probe_transcendentals,DSETP.NEU.AND,1
probe_transcendentals,EXIT,18
probe_transcendentals,F2I.F64,1
probe_transcendentals,FADD.FTZ,8
probe_transcendentals,FFMA.FTZ,22
probe_transcendentals,FLO.U32,1
probe_transcendentals,FMUL.FTZ,17
probe_transcendentals,FMUL.RZ,5
probe_transcendentals,FRND.TRUNC,1
probe_transcendentals,FSEL,9
probe_transcendentals,FSETP.GEU.FTZ.AND,4
probe_transcendentals,FSETP.GT.FTZ.AND,2
probe_transcendentals,FSETP.NEU.FTZ.AND,1
probe_transcendentals,I2F.F64,1
probe_transcendentals,IADD3,26
probe_transcendentals,IADD3.X,7
probe_transcendentals,IMAD,6
probe_transcendentals,IMAD.HI.U32,4
probe_transcendentals,IMAD.IADD,2
probe_transcendentals,IMAD.MOV.U32,50
probe_transcendentals,IMAD.SHL.U32,5
probe_transcendentals,IMAD.WIDE,36
probe_transcendentals,IMAD.WIDE.U32,5
probe_transcendentals,IMAD.X,10
probe_transcendentals,ISETP.GE.AND,3
probe_transcendentals,ISETP.GE.U32.AND,3
probe_transcendentals,ISETP.GT.AND,4
probe_transcendentals,ISETP.GT.AND.EX,1
probe_transcendentals,ISETP.GT.U32.AND,1
probe_transcendentals,ISETP.NE.AND,1
probe_transcendentals,ISETP.NE.AND.EX,1
probe_transcendentals,ISETP.NE.U32.AND,2
probe_transcendentals,LDG.E,15
probe_transcendentals,LDG.E.128.CONSTANT,3
probe_transcendentals,LDG.E.64,4
probe_transcendentals,LDG.E.64.CONSTANT,1
probe_transcendentals,LDL.64,2
probe_transcendentals,LEA,3
probe_transcendentals,LEA.HI,2
probe_transcendentals,LEA.HI.X,4
probe_transcendentals,LOP3.LUT,16
probe_transcendentals,MOV,39
probe_transcendentals,MUFU.COS,3
probe_transcendentals,MUFU.EX2,5
probe_transcendentals,MUFU.LG2,4
probe_transcendentals,MUFU.RCP,2
probe_transcendentals,MUFU.RCP64H,1
probe_transcendentals,MUFU.RSQ,1
probe_transcendentals,MUFU.RSQ64H,2
probe_transcendentals,MUFU.SIN,3
probe_transcendentals,MUFU.SQRT,1
probe_transcendentals,NOP,215
probe_transcendentals,R2P,1
probe_transcendentals,RET.REL.NODEC,2
probe_transcendentals,S2R,18
probe_transcendentals,SEL,8
probe_transcendentals,SHF.L.U32,2
probe_transcendentals,SHF.L.U64.HI,4
probe_transcendentals,SHF.R.S32.HI,3
probe_transcendentals,SHF.R.U32.HI,6
probe_transcendentals,SHF.R.U64,3
probe_transcendentals,STG.E,15
probe_transcendentals,STG.E.64,4
probe_transcendentals,STL.64,2
probe_transcendentals,ULDC.64,19
probe_transcendentals,UMOV,1
probe_uint4_tensor,BRA,2
probe_uint4_tensor,EXIT,2
probe_uint4_tensor,IMAD.MOV.U32,4
probe_uint4_tensor,IMAD.WIDE.U32,2
probe_uint4_tensor,IMMA.8832.U4.U4,9
probe_uint4_tensor,LDG.E,4
probe_uint4_tensor,LEA,6
probe_uint4_tensor,LEA.HI.X,6
probe_uint4_tensor,LOP3.LUT,2
probe_uint4_tensor,NOP,27
probe_uint4_tensor,S2R,2
probe_uint4_tensor,SHF.R.U32.HI,2
probe_uint4_tensor,STG.E.64,2
probe_uint4_tensor,ULDC.64,2
probe_uint8_uint16_paths,BRA,7
probe_uint8_uint16_paths,EXIT,7
probe_uint8_uint16_paths,I2FP.F32.U32,1
probe_uint8_uint16_paths,I2F.S16,1
probe_uint8_uint16_paths,IADD3,12
probe_uint8_uint16_paths,IADD3.X,6
probe_uint8_uint16_paths,IMAD,7
probe_uint8_uint16_paths,IMAD.IADD,2
probe_uint8_uint16_paths,IMAD.MOV.U32,8
probe_uint8_uint16_paths,IMAD.WIDE,10
probe_uint8_uint16_paths,ISETP.GE.AND,7
probe_uint8_uint16_paths,LDG.E,1
probe_uint8_uint16_paths,LDG.E.64,1
probe_uint8_uint16_paths,LDG.E.S8,1
probe_uint8_uint16_paths,LDG.E.U16,2
probe_uint8_uint16_paths,LDG.E.U8,3
probe_uint8_uint16_paths,LOP3.LUT,2
probe_uint8_uint16_paths,MOV,5
probe_uint8_uint16_paths,NOP,80
probe_uint8_uint16_paths,PRMT,6
probe_uint8_uint16_paths,S2R,14
probe_uint8_uint16_paths,SHF.R.S32.HI,3
probe_uint8_uint16_paths,STG.E,4
probe_uint8_uint16_paths,STG.E.U16,2
probe_uint8_uint16_paths,STG.E.U8,2
probe_uint8_uint16_paths,ULDC.64,7
probe_uniform_datapath,BRA,7
probe_uniform_datapath,EXIT,5
probe_uniform_datapath,FADD.FTZ,3
probe_uniform_datapath,FFMA.FTZ,29
probe_uniform_datapath,IADD3,7
probe_uniform_datapath,IMAD,7
probe_uniform_datapath,IMAD.MOV.U32,3
probe_uniform_datapath,IMAD.WIDE,6
probe_uniform_datapath,ISETP.GE.AND,3
probe_uniform_datapath,ISETP.GE.U32.AND,1
probe_uniform_datapath,ISETP.GT.AND,4
probe_uniform_datapath,ISETP.NE.AND,6
probe_uniform_datapath,ISETP.NE.OR,1
probe_uniform_datapath,LDG.E,3
probe_uniform_datapath,LEA,2
probe_uniform_datapath,LEA.HI.X,2
probe_uniform_datapath,LOP3.LUT,3
probe_uniform_datapath,MOV,15
probe_uniform_datapath,NOP,51
probe_uniform_datapath,PLOP3.LUT,3
probe_uniform_datapath,S2R,10
probe_uniform_datapath,SHF.L.U32,1
probe_uniform_datapath,SHF.R.S32.HI,2
probe_uniform_datapath,STG.E,5
probe_uniform_datapath,ULDC.64,5
probe_vectorized_widths,BRA,20
probe_vectorized_widths,EXIT,20
probe_vectorized_widths,IADD3,2
probe_vectorized_widths,IADD3.X,2
probe_vectorized_widths,IMAD,20
probe_vectorized_widths,IMAD.MOV.U32,1
probe_vectorized_widths,IMAD.WIDE,38
probe_vectorized_widths,LDG.E,5
probe_vectorized_widths,LDG.E.128,4
probe_vectorized_widths,LDG.E.64,6
probe_vectorized_widths,LDG.E.U16,3
probe_vectorized_widths,LDG.E.U8,5
probe_vectorized_widths,MOV,38
probe_vectorized_widths,NOP,239
probe_vectorized_widths,PRMT,1
probe_vectorized_widths,S2R,40
probe_vectorized_widths,SHF.R.S32.HI,1
probe_vectorized_widths,STG.E,5
probe_vectorized_widths,STG.E.128,4
probe_vectorized_widths,STG.E.64,6
probe_vectorized_widths,STG.E.U16,3
probe_vectorized_widths,STG.E.U8,5
probe_vectorized_widths,ULDC.64,20
probe_warp_elect_activemask,BRA,5
probe_warp_elect_activemask,BRA.CONV,2
probe_warp_elect_activemask,BREV,1
probe_warp_elect_activemask,BSSY,1
probe_warp_elect_activemask,BSYNC,1
probe_warp_elect_activemask,CALL.REL.NOINC,2
probe_warp_elect_activemask,EXIT,4
probe_warp_elect_activemask,FADD.FTZ,3
probe_warp_elect_activemask,FLO.U32.SH,1
probe_warp_elect_activemask,FMUL.FTZ,1
probe_warp_elect_activemask,FSEL,1
probe_warp_elect_activemask,IADD3,2
probe_warp_elect_activemask,IMAD,1
probe_warp_elect_activemask,IMAD.IADD,2
probe_warp_elect_activemask,IMAD.MOV.U32,14
probe_warp_elect_activemask,IMAD.WIDE,5
probe_warp_elect_activemask,ISETP.EQ.U32.AND,1
probe_warp_elect_activemask,ISETP.GE.AND,1
probe_warp_elect_activemask,ISETP.GT.AND,2
probe_warp_elect_activemask,ISETP.NE.AND,2
probe_warp_elect_activemask,ISETP.NE.U32.AND,3
probe_warp_elect_activemask,LDG.E,3
probe_warp_elect_activemask,LDS,3
probe_warp_elect_activemask,LEA,1
probe_warp_elect_activemask,LEA.HI,2
probe_warp_elect_activemask,LEA.HI.X,1
probe_warp_elect_activemask,LOP3.LUT,7
probe_warp_elect_activemask,MOV,5
probe_warp_elect_activemask,NOP,43
probe_warp_elect_activemask,POPC,1
probe_warp_elect_activemask,REDUX.SUM,1
probe_warp_elect_activemask,RET.REL.NODEC,1
probe_warp_elect_activemask,S2R,6
probe_warp_elect_activemask,SHF.L.U32,1
probe_warp_elect_activemask,SHF.R.S32.HI,3
probe_warp_elect_activemask,STG.E,4
probe_warp_elect_activemask,STS,2
probe_warp_elect_activemask,UFLO.U32,1
probe_warp_elect_activemask,ULDC.64,4
probe_warp_elect_activemask,UMOV,2
probe_warp_elect_activemask,VOTE.ANY,3
probe_warp_elect_activemask,VOTEU.ANY,1
probe_warp_elect_activemask,WARPSYNC,1
probe_warp_matrix_shared,BAR.SYNC.DEFER_BLOCKING,8
probe_warp_matrix_shared,BRA,4
probe_warp_matrix_shared,EXIT,4
probe_warp_matrix_shared,FFMA.FTZ,18
probe_warp_matrix_shared,FMUL.FTZ,9
probe_warp_matrix_shared,IADD3,26
probe_warp_matrix_shared,IMAD,7
probe_warp_matrix_shared,IMAD.IADD,5
probe_warp_matrix_shared,IMAD.MOV.U32,11
probe_warp_matrix_shared,IMAD.SHL.U32,4
probe_warp_matrix_shared,IMAD.U32,1
probe_warp_matrix_shared,IMAD.WIDE,13
probe_warp_matrix_shared,ISETP.GE.AND,3
probe_warp_matrix_shared,ISETP.GE.OR,5
probe_warp_matrix_shared,ISETP.GE.U32.AND,1
probe_warp_matrix_shared,ISETP.GT.AND,1
probe_warp_matrix_shared,ISETP.NE.AND,2
probe_warp_matrix_shared,ISETP.NE.OR,2
probe_warp_matrix_shared,LDG.E,8
probe_warp_matrix_shared,LDS,26
probe_warp_matrix_shared,LEA,3
probe_warp_matrix_shared,LEA.HI,8
probe_warp_matrix_shared,LOP3.LUT,15
probe_warp_matrix_shared,MOV,1
probe_warp_matrix_shared,NOP,49
probe_warp_matrix_shared,S2R,9
probe_warp_matrix_shared,SHF.R.S32.HI,8
probe_warp_matrix_shared,SHF.R.U32.HI,2
probe_warp_matrix_shared,STG.E,9
probe_warp_matrix_shared,STS,8
probe_warp_matrix_shared,UIADD3,3
probe_warp_matrix_shared,ULDC,1
probe_warp_matrix_shared,ULDC.64,4
probe_warp_matrix_shared,ULOP3.LUT,2
probe_warp_matrix_shared,UMOV,2
probe_warp_matrix_shared,USHF.L.U32,2
probe_warp_reduction,BRA,8
probe_warp_reduction,BSSY,1
probe_warp_reduction,BSYNC,1
probe_warp_reduction,EXIT,8
probe_warp_reduction,FADD.FTZ,12
probe_warp_reduction,FSETP.GT.FTZ.AND,2
probe_warp_reduction,IADD3,2
probe_warp_reduction,IMAD,1
probe_warp_reduction,IMAD.MOV.U32,14
probe_warp_reduction,IMAD.U32,3
probe_warp_reduction,IMAD.WIDE,11
probe_warp_reduction,ISETP.EQ.U32.AND,1
probe_warp_reduction,ISETP.GE.AND,1
probe_warp_reduction,ISETP.NE.AND,6
probe_warp_reduction,LDG.E,8
probe_warp_reduction,LEA.HI,1
probe_warp_reduction,LOP3.LUT,2
probe_warp_reduction,MATCH.ALL,1
probe_warp_reduction,MOV,19
probe_warp_reduction,NOP,85
probe_warp_reduction,PLOP3.LUT,1
probe_warp_reduction,POPC,2
probe_warp_reduction,REDUX.MAX.S32,1
probe_warp_reduction,REDUX.MIN.S32,1
probe_warp_reduction,REDUX.SUM,1
probe_warp_reduction,REDUX.SUM.S32,1
probe_warp_reduction,S2R,10
probe_warp_reduction,SEL,3
probe_warp_reduction,SHFL.BFLY,5
probe_warp_reduction,SHFL.DOWN,5
probe_warp_reduction,SHFL.IDX,2
probe_warp_reduction,SHFL.UP,1
probe_warp_reduction,SHF.R.S32.HI,1
probe_warp_reduction,STG.E,12
probe_warp_reduction,UFLO.U32,1
probe_warp_reduction,ULDC.64,8
probe_warp_reduction,VOTE.ALL,1
probe_warp_reduction,VOTE.ANY,3
probe_warp_reduction,VOTEU.ANY,1
